1,Cullin,Jolliman,cjolliman0@ning.com,Male,13.77.126.21
2,Lydie,Baigent,lbaigent1@nasa.gov,Female,232.80.154.125
3,Nikoletta,Goullee,ngoullee2@buzzfeed.com,Female,195.117.20.235
4,Emlyn,Cattermole,ecattermole3@meetup.com,Male,228.210.185.123
5,Way,Syce,wsyce4@symantec.com,Non-binary,168.13.153.159
6,Shay,Egle of Germany,segleofgermany5@si.edu,Female,86.156.140.202
7,Albert,Plowman,aplowman6@mozilla.com,Male,54.151.160.37
8,Stillman,McGinnell,smcginnell7@elegantthemes.com,Male,211.176.34.157
9,Inglebert,Kloster,ikloster8@samsung.com,Male,153.245.30.245
10,Albert,Gerren,agerren9@imageshack.us,Male,46.25.98.228
11,Angus,Murtell,amurtella@uiuc.edu,Bigender,105.114.136.214
12,Mattie,Cason,mcasonb@chronoengine.com,Male,171.49.109.177
13,Dot,Eliyahu,deliyahuc@hud.gov,Female,159.211.157.198
14,Kerr,McGillacoell,kmcgillacoelld@reverbnation.com,Male,139.245.97.9
15,Fred,Longfield,flongfielde@spotify.com,Male,129.187.121.167
16,Alleyn,Sabben,asabbenf@wikispaces.com,Male,46.248.163.117
17,Cirstoforo,Belloch,cbellochg@squarespace.com,Male,200.183.18.147
18,Farrah,Quilty,fquiltyh@clickbank.net,Female,180.144.245.46
19,Basilius,Colten,bcolteni@globo.com,Male,239.10.112.55
20,Claudio,Ianson,ciansonj@accuweather.com,Male,184.82.31.120
21,Curt,Pickrill,cpickrillk@hugedomains.com,Male,172.19.32.215
22,Giovanni,Karczinski,gkarczinskil@eepurl.com,Male,91.165.189.172
23,Willabella,Jelf,wjelfm@gizmodo.com,Female,87.51.14.143
24,Merola,Pauncefoot,mpauncefootn@t.co,Female,44.195.30.137
25,Brit,Peascod,bpeascodo@seesaa.net,Female,130.121.115.69
26,Wood,Churchouse,wchurchousep@bravesites.com,Male,234.141.65.50
27,Warden,Matczak,wmatczakq@comsenz.com,Male,125.207.2.139
28,Ransom,Tubritt,rtubrittr@trellian.com,Male,34.132.59.2
29,Dael,Dany,ddanys@taobao.com,Female,241.166.253.16
30,Denyse,Lammerts,dlammertst@gravatar.com,Female,23.4.135.123
31,Jessi,Greenhalf,jgreenhalfu@state.tx.us,Female,214.110.33.208
32,Kristy,Huikerby,khuikerbyv@columbia.edu,Female,82.240.247.96
33,Burk,Donahue,bdonahuew@prnewswire.com,Non-binary,145.21.83.173
34,Gabby,Warlaw,gwarlawx@deliciousdays.com,Male,75.214.100.93
35,Gillan,Domenici,gdomeniciy@narod.ru,Female,27.67.240.162
36,Trenna,Olliffe,tolliffez@usatoday.com,Female,76.65.144.194
37,Corina,Elsop,celsop10@netscape.com,Female,56.139.91.117
38,Nate,Berrisford,nberrisford11@washingtonpost.com,Male,82.125.10.33
39,Brandtr,Beveridge,bbeveridge12@washington.edu,Male,135.146.115.160
40,Cordula,Stubbings,cstubbings13@apple.com,Female,43.217.195.45
41,Shaine,Kobierzycki,skobierzycki14@ifeng.com,Male,20.21.202.193
42,Laurie,Paskin,lpaskin15@4shared.com,Female,151.53.169.56
43,Fonsie,Kick,fkick16@e-recht24.de,Male,119.100.220.46
44,Josi,Reisen,jreisen17@cyberchimps.com,Female,91.120.158.180
45,Adella,Chidzoy,achidzoy18@forbes.com,Female,23.69.53.122
46,Hedvig,Bosket,hbosket19@chron.com,Female,101.119.97.70
47,Kacey,Stewartson,kstewartson1a@wisc.edu,Female,118.81.77.140
48,Ola,Safe,osafe1b@ucla.edu,Female,99.83.20.93
49,Corny,Rosenschein,crosenschein1c@zdnet.com,Female,59.234.56.17
50,Sumner,de Courcey,sdecourcey1d@dailymotion.com,Male,188.14.138.118
51,Opal,Stopp,ostopp1e@fda.gov,Female,145.165.212.173
52,Maje,Flarity,mflarity1f@toplist.cz,Male,134.81.196.176
53,Tobias,Goodie,tgoodie1g@e-recht24.de,Agender,90.143.46.4
54,Latisha,Bointon,lbointon1h@seesaa.net,Female,117.201.197.52
55,Morgan,Warland,mwarland1i@telegraph.co.uk,Male,151.54.88.71
56,Glynn,Bride,gbride1j@loc.gov,Male,202.192.225.125
57,Shadow,Streak,sstreak1k@netlog.com,Male,101.18.177.14
58,Vin,Marco,vmarco1l@slate.com,Female,29.239.142.187
59,Hubie,Trippett,htrippett1m@scribd.com,Male,71.165.3.110
60,Suellen,Mottini,smottini1n@alibaba.com,Female,155.164.89.238
61,Fay,Bertram,fbertram1o@wisc.edu,Bigender,44.118.90.142
62,Ced,Carwithan,ccarwithan1p@topsy.com,Male,228.241.18.208
63,Teador,Rogans,trogans1q@freewebs.com,Male,170.246.13.204
64,Truda,Brilleman,tbrilleman1r@apache.org,Female,35.231.21.66
65,Brandise,Burgise,bburgise1s@princeton.edu,Female,208.76.89.91
66,Ashlan,Bewsey,abewsey1t@scribd.com,Female,1.10.154.118
67,Marna,Dermott,mdermott1u@who.int,Female,142.247.204.207
68,Salmon,Gilchrest,sgilchrest1v@uiuc.edu,Male,157.104.63.244
69,Josefa,Dodworth,jdodworth1w@ameblo.jp,Female,1.110.150.58
70,Brigit,Brenneke,bbrenneke1x@wordpress.org,Agender,167.2.238.132
71,Paxon,Pickersgill,ppickersgill1y@last.fm,Male,196.60.176.206
72,Jessi,Mouan,jmouan1z@si.edu,Female,9.60.107.65
73,Deva,Prior,dprior20@un.org,Female,246.96.106.177
74,Isadore,Pettisall,ipettisall21@reddit.com,Male,30.10.120.7
75,Godart,Polak,gpolak22@vistaprint.com,Male,22.201.170.166
76,Jemima,Bessett,jbessett23@zdnet.com,Female,196.14.65.108
77,Lauritz,MacSweeney,lmacsweeney24@123-reg.co.uk,Polygender,28.172.42.26
78,Salaidh,Darycott,sdarycott25@cmu.edu,Female,242.83.220.213
79,Rachael,Baistow,rbaistow26@dagondesign.com,Female,109.101.43.154
80,Vassili,Polk,vpolk27@rakuten.co.jp,Polygender,40.162.102.147
81,Jeremiah,Cunrado,jcunrado28@hao123.com,Non-binary,5.243.224.109
82,Robb,Woolvett,rwoolvett29@mtv.com,Male,85.108.140.118
83,Melantha,Laverty,mlaverty2a@sitemeter.com,Female,111.241.170.21
84,Carma,Febvre,cfebvre2b@webs.com,Genderfluid,61.84.16.173
85,Rutger,Trussell,rtrussell2c@mac.com,Male,188.228.103.138
86,Reeva,Tollemache,rtollemache2d@wiley.com,Female,54.156.28.235
87,Julissa,Gueny,jgueny2e@disqus.com,Female,152.190.110.60
88,Delmar,Pavyer,dpavyer2f@unesco.org,Male,127.208.148.147
89,Cassondra,Alabastar,calabastar2g@telegraph.co.uk,Female,181.43.183.221
90,Correy,Jerzyk,cjerzyk2h@amazon.co.uk,Male,33.219.198.247
91,Noland,Roast,nroast2i@senate.gov,Male,224.99.63.239
92,Arlen,Dana,adana2j@seattletimes.com,Female,147.217.231.225
93,Lennie,Licciardello,llicciardello2k@hud.gov,Male,212.219.217.52
94,Waverley,Bisseker,wbisseker2l@edublogs.org,Male,22.61.246.147
95,Gareth,Willcocks,gwillcocks2m@jalbum.net,Male,94.224.38.36
96,Huntley,Coalburn,hcoalburn2n@t-online.de,Male,118.81.185.249
97,Bartholomeo,Philbrick,bphilbrick2o@apple.com,Male,80.234.190.181
98,Stefania,Kitchener,skitchener2p@umn.edu,Female,87.253.11.70
99,Kalina,Bewsey,kbewsey2q@ca.gov,Female,145.153.189.106
100,Kearney,Laurencot,klaurencot2r@netlog.com,Male,109.13.249.44
101,Gabe,Lettsom,glettsom2s@freewebs.com,Male,248.189.48.97
102,Dewie,Biasio,dbiasio2t@flavors.me,Male,184.121.144.149
103,Mariellen,Cairney,mcairney2u@geocities.com,Female,40.216.151.209
104,Othello,Raffin,oraffin2v@nba.com,Male,118.187.236.40
105,Tarah,Girke,tgirke2w@nydailynews.com,Female,8.85.191.83
106,Trudi,Winters,twinters2x@chron.com,Female,56.58.62.128
107,Sarina,McColm,smccolm2y@meetup.com,Female,121.237.228.21
108,Marchelle,Pead,mpead2z@hao123.com,Female,225.133.255.248
109,Jacklyn,Killough,jkillough30@twitpic.com,Female,225.243.135.189
110,Blayne,McAlees,bmcalees31@va.gov,Male,57.1.227.42
111,Angy,Grono,agrono32@state.tx.us,Female,74.195.162.131
112,Cesya,Norkett,cnorkett33@amazon.de,Female,78.47.39.182
113,Vernen,Totterdill,vtotterdill34@about.me,Male,62.76.224.126
114,Lucila,Snel,lsnel35@arstechnica.com,Bigender,24.235.167.135
115,Penny,Baselio,pbaselio36@shop-pro.jp,Male,34.165.206.142
116,Estele,Hoffman,ehoffman37@amazonaws.com,Female,58.219.167.198
117,Jannel,Scrine,jscrine38@oaic.gov.au,Female,58.100.97.254
118,Arvin,Taphouse,ataphouse39@umich.edu,Male,67.57.183.184
119,Kaja,Trickett,ktrickett3a@360.cn,Female,209.180.116.57
120,Sadella,Izhakov,sizhakov3b@phpbb.com,Female,106.159.184.188
121,Corinna,Woolhouse,cwoolhouse3c@apache.org,Female,239.111.201.10
122,Donella,Vittle,dvittle3d@ft.com,Female,57.9.98.177
123,Ali,Caron,acaron3e@npr.org,Male,88.79.240.29
124,Dasha,Kippins,dkippins3f@nytimes.com,Female,196.45.141.26
125,Jada,Gouldthorp,jgouldthorp3g@hhs.gov,Female,218.208.164.246
126,Jareb,Budibent,jbudibent3h@unc.edu,Male,51.81.16.117
127,Marlane,Atling,matling3i@hc360.com,Female,232.16.145.80
128,Bobby,Markushkin,bmarkushkin3j@cdbaby.com,Male,237.41.156.199
129,Gwyneth,Yarn,gyarn3k@twitpic.com,Female,196.221.63.202
130,Sholom,Fielding,sfielding3l@ebay.com,Male,62.228.230.26
131,Zia,Standley,zstandley3m@mit.edu,Female,122.67.190.50
132,Sarena,Andryszczak,sandryszczak3n@msu.edu,Female,191.144.21.127
133,Colin,Suller,csuller3o@dedecms.com,Male,195.53.233.254
134,Buiron,Patmore,bpatmore3p@go.com,Male,174.168.177.135
135,Joice,Melledy,jmelledy3q@prlog.org,Female,105.183.162.193
136,Abner,Giottoi,agiottoi3r@blogtalkradio.com,Male,53.135.232.230
137,Keelia,Norgate,knorgate3s@npr.org,Female,53.108.164.122
138,Paige,Gourlay,pgourlay3t@netvibes.com,Male,60.156.52.134
139,Michel,Goad,mgoad3u@skype.com,Male,207.223.181.192
140,Veriee,Cutriss,vcutriss3v@printfriendly.com,Female,246.35.87.238
141,Woodman,Van Der Weedenburg,wvanderweedenburg3w@devhub.com,Male,198.52.103.170
142,Andie,Hughf,ahughf3x@freewebs.com,Male,49.253.112.249
143,Worthy,Dairton,wdairton3y@buzzfeed.com,Male,19.116.255.210
144,Chandra,Sinnat,csinnat3z@foxnews.com,Non-binary,243.120.96.123
145,Paige,Sked,psked40@twitter.com,Female,41.81.103.234
146,Odie,Osorio,oosorio41@gizmodo.com,Male,41.93.159.249
147,Meridith,Ibert,mibert42@latimes.com,Female,145.128.240.163
148,Honor,Stellin,hstellin43@wix.com,Female,85.198.160.120
149,Bjorn,Heinreich,bheinreich44@studiopress.com,Male,10.82.134.169
150,Thorin,Gayden,tgayden45@hexun.com,Male,184.80.225.50
151,Melba,Lipscomb,mlipscomb46@ucoz.ru,Bigender,231.251.251.137
152,Price,Harper,pharper47@about.com,Male,176.33.98.22
153,Virgie,Stoves,vstoves48@pinterest.com,Male,189.100.19.72
154,Nert,Hartup,nhartup49@over-blog.com,Female,108.99.120.245
155,Merrill,Andreia,mandreia4a@slate.com,Male,67.203.223.70
156,Alta,Gwinnel,agwinnel4b@godaddy.com,Non-binary,219.24.45.98
157,Karry,Capner,kcapner4c@microsoft.com,Female,4.137.140.48
158,Adelind,Lafontaine,alafontaine4d@nba.com,Female,138.186.175.4
159,Hildagard,Mulcahy,hmulcahy4e@mashable.com,Female,100.190.237.208
160,Everett,Couronne,ecouronne4f@nydailynews.com,Male,175.207.97.76
161,Desdemona,Haquard,dhaquard4g@about.me,Female,8.14.140.165
162,Karlyn,Edgington,kedgington4h@webs.com,Female,215.146.150.200
163,Hercules,Codd,hcodd4i@parallels.com,Male,161.249.198.138
164,Heidie,Wannan,hwannan4j@multiply.com,Female,79.183.220.95
165,Shanda,Glenwright,sglenwright4k@telegraph.co.uk,Female,128.208.126.204
166,Ancell,Jacobowicz,ajacobowicz4l@guardian.co.uk,Male,168.61.206.15
167,Moina,Ogdahl,mogdahl4m@independent.co.uk,Female,40.73.74.69
168,Gerry,Margrem,gmargrem4n@usa.gov,Female,134.251.194.109
169,Ernesta,Nowell,enowell4o@theglobeandmail.com,Female,98.188.72.128
170,Illa,McGriele,imcgriele4p@dell.com,Female,199.163.201.150
171,Cleavland,Clinton,cclinton4q@virginia.edu,Male,44.158.176.192
172,Marnie,Setterthwait,msetterthwait4r@godaddy.com,Female,126.21.72.64
173,Raff,Jindacek,rjindacek4s@umich.edu,Male,83.129.6.131
174,Alanah,Alentyev,aalentyev4t@rambler.ru,Female,41.135.70.7
175,Rois,Herrero,rherrero4u@weibo.com,Female,250.195.255.195
176,Celle,Purple,cpurple4v@wikia.com,Female,177.118.65.233
177,Orton,Jonke,ojonke4w@livejournal.com,Male,127.237.50.187
178,Carmelina,Nower,cnower4x@google.co.jp,Polygender,116.29.62.218
179,Clemmy,Liggens,cliggens4y@infoseek.co.jp,Male,243.252.158.25
180,Janot,MacCaffery,jmaccaffery4z@eventbrite.com,Female,91.86.73.147
181,Hollis,Ponten,hponten50@amazon.co.jp,Male,147.246.187.36
182,Shannan,Bouch,sbouch51@fotki.com,Male,8.124.104.106
183,Maegan,Gabbitis,mgabbitis52@dropbox.com,Female,141.15.79.205
184,Calli,Fontelles,cfontelles53@ihg.com,Female,3.115.54.228
185,Violante,Olohan,volohan54@free.fr,Female,217.140.168.161
186,Nessi,Mudie,nmudie55@ucoz.com,Female,210.82.251.5
187,Blanch,Dowrey,bdowrey56@yelp.com,Female,99.40.224.53
188,Ali,Tummond,atummond57@wikia.com,Male,18.238.98.91
189,Mill,Jovicevic,mjovicevic58@vinaora.com,Non-binary,216.70.150.210
190,Ania,Parriss,aparriss59@pinterest.com,Female,73.227.79.115
191,Jayme,Djurdjevic,jdjurdjevic5a@uol.com.br,Male,225.22.65.165
192,Carina,Lewsie,clewsie5b@oakley.com,Female,99.115.18.108
193,Hedwiga,Lomb,hlomb5c@mail.ru,Genderqueer,174.248.127.2
194,Phineas,Earney,pearney5d@tripadvisor.com,Male,238.128.206.126
195,Doralynn,Teasey,dteasey5e@scribd.com,Female,134.235.85.206
196,Levi,Flea,lflea5f@gmpg.org,Male,98.22.43.205
197,Cleopatra,Boobier,cboobier5g@cnet.com,Female,94.56.65.240
198,Blondie,Akerman,bakerman5h@t.co,Female,133.245.32.44
199,Heath,Zannotelli,hzannotelli5i@vistaprint.com,Agender,246.187.185.30
200,Lulita,Carrivick,lcarrivick5j@jimdo.com,Female,102.198.6.51
201,Tomas,Waddington,twaddington5k@opera.com,Polygender,23.67.31.167
202,Eldredge,Gudeman,egudeman5l@booking.com,Male,55.71.152.57
203,Johnnie,Lefort,jlefort5m@wsj.com,Male,213.161.156.170
204,Rosella,Mattosoff,rmattosoff5n@aol.com,Female,175.100.237.69
205,Quintus,Wansbury,qwansbury5o@apache.org,Male,100.148.190.4
206,Carlee,Proudlove,cproudlove5p@netscape.com,Female,173.49.16.248
207,Dorothee,Brazel,dbrazel5q@facebook.com,Female,66.8.187.205
208,Bernita,Keywood,bkeywood5r@is.gd,Female,38.231.61.214
209,Appolonia,Himsworth,ahimsworth5s@digg.com,Female,194.252.57.24
210,Dulcea,Hardware,dhardware5t@princeton.edu,Female,90.22.79.157
211,Karna,Moulds,kmoulds5u@fotki.com,Female,86.188.179.105
212,Yasmin,Myring,ymyring5v@a8.net,Female,5.217.49.144
213,Yetty,MacAllen,ymacallen5w@pagesperso-orange.fr,Genderfluid,47.227.22.38
214,Pauline,Rushe,prushe5x@miitbeian.gov.cn,Female,148.203.189.99
215,Amity,Bramham,abramham5y@cnet.com,Female,145.82.92.172
216,Sherm,Bemwell,sbemwell5z@sourceforge.net,Male,143.28.107.198
217,Alexia,Catlow,acatlow60@berkeley.edu,Genderfluid,202.106.198.215
218,Arnie,Issacof,aissacof61@engadget.com,Male,189.157.65.50
219,Marlee,Wrightson,mwrightson62@census.gov,Polygender,114.216.93.226
220,Jemimah,Fallis,jfallis63@themeforest.net,Female,215.164.1.211
221,Tann,Baus,tbaus64@cam.ac.uk,Male,87.153.154.46
222,Cordey,Elderbrant,celderbrant65@mapy.cz,Female,9.77.199.55
223,Eliza,Esley,eesley66@mtv.com,Female,220.37.179.16
224,Marielle,Tace,mtace67@tumblr.com,Female,113.80.159.180
225,Bernadene,Gatlin,bgatlin68@edublogs.org,Female,61.122.215.197
226,Rik,Ruoff,rruoff69@skype.com,Male,152.46.141.189
227,Amalee,Gaitskell,agaitskell6a@vistaprint.com,Genderfluid,143.53.9.50
228,Belia,Kleinstern,bkleinstern6b@home.pl,Female,151.224.1.88
229,Roselia,Tagg,rtagg6c@un.org,Female,176.191.55.183
230,Prentice,McMackin,pmcmackin6d@pbs.org,Male,250.104.189.206
231,Rosene,Bigby,rbigby6e@theatlantic.com,Non-binary,114.235.225.227
232,Art,Diss,adiss6f@instagram.com,Male,229.170.85.22
233,Gisela,Poulton,gpoulton6g@plala.or.jp,Female,136.190.93.184
234,Maryanne,Rotherham,mrotherham6h@fda.gov,Female,167.20.218.180
235,Hatty,Punt,hpunt6i@xinhuanet.com,Female,105.248.245.224
236,Kesley,Wilbor,kwilbor6j@deliciousdays.com,Female,35.237.211.200
237,Kalli,Masters,kmasters6k@clickbank.net,Female,93.104.237.202
238,Zorina,L'Episcopio,zlepiscopio6l@yandex.ru,Female,73.195.174.105
239,Newton,Mauchline,nmauchline6m@cmu.edu,Male,4.161.60.226
240,Lucine,Kyteley,lkyteley6n@nifty.com,Female,113.251.134.208
241,Stacy,Adam,sadam6o@chron.com,Male,77.105.238.208
242,Aileen,Odeson,aodeson6p@dailymail.co.uk,Female,177.129.187.158
243,Rutter,Ovesen,rovesen6q@cloudflare.com,Male,36.57.241.25
244,Theodoric,Fouracre,tfouracre6r@reference.com,Male,29.102.172.8
245,Sherrie,Melanaphy,smelanaphy6s@taobao.com,Female,234.245.3.243
246,Vitia,Hammand,vhammand6t@springer.com,Female,223.116.81.47
247,Cos,Spadaro,cspadaro6u@ted.com,Male,94.37.173.149
248,Ailyn,Pheasey,apheasey6v@pcworld.com,Female,67.36.197.36
249,Alicia,Goldspink,agoldspink6w@google.cn,Female,103.135.158.193
250,Irv,Brantl,ibrantl6x@unc.edu,Male,135.60.8.136
251,Terence,Ashdown,tashdown6y@ning.com,Genderqueer,114.188.118.52
252,Stepha,Staresmeare,sstaresmeare6z@digg.com,Female,243.50.34.52
253,Hattie,Whittle,hwhittle70@gizmodo.com,Female,93.235.92.66
254,Martita,Chatt,mchatt71@php.net,Bigender,169.164.1.3
255,Patrizius,Iscowitz,piscowitz72@pen.io,Male,162.120.156.238
256,Kenneth,Southwell,ksouthwell73@dropbox.com,Male,184.162.33.131
257,Bernarr,Danaher,bdanaher74@amazonaws.com,Male,59.123.34.153
258,Alida,Mila,amila75@discuz.net,Female,214.81.87.212
259,Noland,Gantlett,ngantlett76@reddit.com,Male,147.151.125.133
260,Tersina,Hardes,thardes77@yelp.com,Female,193.22.234.116
261,Alexei,Tewkesbury.,atewkesbury78@amazon.de,Male,148.35.110.40
262,Kaycee,Gerriets,kgerriets79@hhs.gov,Female,63.23.52.60
263,Lonni,Eckels,leckels7a@berkeley.edu,Female,111.137.179.48
264,Parnell,Preuvost,ppreuvost7b@disqus.com,Male,82.12.154.154
265,Lidia,Melton,lmelton7c@cloudflare.com,Female,250.94.91.93
266,Ash,Briggdale,abriggdale7d@illinois.edu,Male,175.218.52.209
267,Christophe,Janjic,cjanjic7e@opera.com,Male,241.8.239.20
268,Hilton,Fritchly,hfritchly7f@wisc.edu,Male,114.46.217.99
269,Allys,Doyle,adoyle7g@ameblo.jp,Female,146.63.166.246
270,Jobey,Bryning,jbryning7h@dion.ne.jp,Female,107.242.165.140
271,Romy,Tyrer,rtyrer7i@aboutads.info,Female,61.89.121.176
272,Mohandis,Breit,mbreit7j@mashable.com,Male,119.30.130.12
273,Zerk,Slack,zslack7k@newsvine.com,Male,178.25.219.95
274,Almire,Spalls,aspalls7l@diigo.com,Female,208.207.33.101
275,Garrick,Rumke,grumke7m@guardian.co.uk,Male,13.5.12.2
276,Eilis,Count,ecount7n@hp.com,Female,144.157.94.142
277,Umberto,Divers,udivers7o@bloomberg.com,Male,134.214.230.98
278,Jaymie,Lippiett,jlippiett7p@weather.com,Male,170.159.78.108
279,Cristiano,Gilham,cgilham7q@about.com,Male,44.99.160.88
280,Emogene,Guerrieri,eguerrieri7r@nps.gov,Female,229.164.156.20
281,Amabelle,Vallerine,avallerine7s@deviantart.com,Female,54.5.8.121
282,Kiley,Corrigan,kcorrigan7t@economist.com,Female,178.95.199.100
283,Amata,Braim,abraim7u@bbb.org,Female,136.66.220.49
284,Conrade,Pahlsson,cpahlsson7v@redcross.org,Male,217.75.128.15
285,Philly,Delacoste,pdelacoste7w@cafepress.com,Female,49.5.227.21
286,Francklin,Frapwell,ffrapwell7x@moonfruit.com,Male,164.208.103.165
287,Lilah,Mault,lmault7y@instagram.com,Female,229.69.113.154
288,Gwenni,Crewdson,gcrewdson7z@meetup.com,Female,242.195.26.131
289,Vivie,McInally,vmcinally80@homestead.com,Female,218.26.179.211
290,Thorpe,Anscott,tanscott81@vinaora.com,Non-binary,51.115.103.30
291,Wain,Bickford,wbickford82@paypal.com,Male,220.165.80.222
292,Hendrika,Haughton,hhaughton83@webs.com,Female,130.99.181.125
293,Germana,MacClancey,gmacclancey84@pagesperso-orange.fr,Female,28.134.148.70
294,Dennet,McSkin,dmcskin85@nsw.gov.au,Male,253.165.167.183
295,Davon,Baugham,dbaugham86@storify.com,Male,85.118.28.63
296,Ailis,MacTeggart,amacteggart87@comsenz.com,Polygender,72.14.202.38
297,Ursulina,Abramcik,uabramcik88@hp.com,Genderqueer,171.179.12.127
298,Nadine,Lemoir,nlemoir89@ow.ly,Non-binary,212.162.246.60
299,Constancy,Ciardo,cciardo8a@wiley.com,Female,71.131.113.196
300,Fidole,Yantsev,fyantsev8b@constantcontact.com,Polygender,77.198.231.250
301,Nanice,Saing,nsaing8c@hud.gov,Female,183.111.100.125
302,Emelina,Shoreman,eshoreman8d@indiegogo.com,Female,91.249.71.234
303,Vladimir,Bockler,vbockler8e@admin.ch,Male,161.28.224.160
304,Ranna,Syred,rsyred8f@biblegateway.com,Female,35.58.241.157
305,Arne,Gudgeon,agudgeon8g@cam.ac.uk,Male,210.32.225.128
306,Emmy,McGinty,emcginty8h@mlb.com,Female,241.188.182.82
307,Morten,Maving,mmaving8i@harvard.edu,Male,108.223.22.111
308,Gnni,Hudghton,ghudghton8j@domainmarket.com,Female,88.173.161.249
309,Ebba,Whittles,ewhittles8k@zimbio.com,Female,235.124.29.7
310,Chauncey,Drewet,cdrewet8l@yelp.com,Male,28.215.165.207
311,Zachery,Reeve,zreeve8m@youtube.com,Male,159.186.39.121
312,Emlyn,Bendelow,ebendelow8n@ucoz.com,Male,243.184.92.248
313,Maryjane,Heaslip,mheaslip8o@ihg.com,Female,121.211.49.87
314,Orelle,Zupa,ozupa8p@t-online.de,Female,48.40.238.138
315,Arabelle,Tierny,atierny8q@symantec.com,Female,114.88.207.110
316,Ulrikaumeko,Viggars,uviggars8r@soundcloud.com,Female,129.11.177.101
317,Dallis,Libreros,dlibreros8s@uiuc.edu,Male,54.74.30.62
318,Merill,Trueman,mtrueman8t@fastcompany.com,Male,172.23.81.61
319,Osbert,Trouncer,otrouncer8u@edublogs.org,Male,112.65.35.194
320,Michele,Paintain,mpaintain8v@sciencedaily.com,Female,94.197.253.46
321,Charo,Burdess,cburdess8w@npr.org,Female,100.28.52.214
322,Cody,Prinett,cprinett8x@stumbleupon.com,Male,94.111.81.26
323,Derron,Walkington,dwalkington8y@alexa.com,Male,232.245.123.182
324,Virgie,Dyers,vdyers8z@g.co,Female,209.151.162.15
325,Chaddie,Antonsen,cantonsen90@geocities.jp,Male,207.55.129.152
326,Janna,Pes,jpes91@smugmug.com,Female,106.149.249.122
327,Charmane,Richie,crichie92@cpanel.net,Female,69.116.239.15
328,Gnni,Ensley,gensley93@nsw.gov.au,Female,214.56.2.59
329,Madelaine,Caller,mcaller94@networksolutions.com,Female,63.106.238.3
330,Emelen,Tailby,etailby95@washington.edu,Male,57.189.186.236
331,Tammi,Riddiford,triddiford96@cpanel.net,Female,1.221.128.86
332,Thomasine,Wink,twink97@sfgate.com,Female,145.239.71.251
333,Ferguson,Frantzen,ffrantzen98@macromedia.com,Genderfluid,44.43.254.119
334,Doe,Maurice,dmaurice99@typepad.com,Female,218.37.119.254
335,Cassy,Pinn,cpinn9a@tumblr.com,Female,159.32.234.192
336,Pebrook,Ruppele,pruppele9b@oakley.com,Genderqueer,76.170.53.219
337,Minda,Padwick,mpadwick9c@ebay.com,Female,196.98.77.241
338,Heywood,Roxby,hroxby9d@wp.com,Male,91.89.0.198
339,Corney,Lockyear,clockyear9e@shareasale.com,Non-binary,97.84.76.49
340,Gerrilee,Cottey,gcottey9f@exblog.jp,Female,245.170.175.60
341,Waldo,Emmanueli,wemmanueli9g@psu.edu,Male,96.49.151.222
342,Donalt,Angrove,dangrove9h@goo.gl,Male,232.16.81.181
343,Ashleigh,Jouaneton,ajouaneton9i@issuu.com,Female,145.142.114.214
344,Hugibert,Tyreman,htyreman9j@forbes.com,Male,159.56.217.81
345,Port,Radbone,pradbone9k@theatlantic.com,Male,174.100.109.182
346,Julio,Baert,jbaert9l@ibm.com,Bigender,56.223.103.206
347,Harwilll,Douthwaite,hdouthwaite9m@earthlink.net,Male,193.148.105.107
348,Blake,Trimme,btrimme9n@php.net,Male,223.150.111.30
349,Baird,Puleston,bpuleston9o@tumblr.com,Male,179.98.151.14
350,Tanitansy,Yurlov,tyurlov9p@ebay.com,Genderfluid,111.67.38.35
351,Adam,Hollingdale,ahollingdale9q@surveymonkey.com,Male,252.147.45.174
352,Ludvig,Collison,lcollison9r@dion.ne.jp,Agender,6.229.107.245
353,Vere,Jirka,vjirka9s@google.com.br,Female,89.48.135.107
354,Shina,Dallon,sdallon9t@uol.com.br,Genderfluid,250.3.133.92
355,Brinna,Shreve,bshreve9u@drupal.org,Female,23.153.17.131
356,Devin,Cochrane,dcochrane9v@seesaa.net,Female,189.160.80.85
357,Garvin,Titman,gtitman9w@dailymotion.com,Male,89.154.239.46
358,Harrietta,O'Noland,honoland9x@ibm.com,Female,130.69.120.27
359,Taffy,Branwhite,tbranwhite9y@unblog.fr,Female,100.149.32.221
360,Dunstan,Simonel,dsimonel9z@google.pl,Male,22.129.227.45
361,Saxe,Aughtie,saughtiea0@netvibes.com,Polygender,186.7.217.1
362,Chance,Alloisi,calloisia1@unicef.org,Genderfluid,9.6.209.118
363,Aubert,Wigfield,awigfielda2@yandex.ru,Male,127.112.74.123
364,Carolan,Duke,cdukea3@weather.com,Female,61.216.48.233
365,Alberik,Desborough,adesborougha4@usatoday.com,Male,32.251.109.167
366,Regen,Moreside,rmoresidea5@google.com.au,Genderqueer,136.239.174.123
367,Jerrilee,Blasiak,jblasiaka6@google.ru,Female,188.89.89.167
368,Anstice,Shenton,ashentona7@jugem.jp,Non-binary,58.196.197.55
369,Travers,Batty,tbattya8@google.cn,Male,250.176.85.218
370,Jaimie,Hesey,jheseya9@flickr.com,Male,87.79.39.177
371,Ambrosi,Baise,abaiseaa@mayoclinic.com,Male,40.139.14.113
372,Parker,Lawdham,plawdhamab@aol.com,Male,234.58.35.65
373,Raff,Donaher,rdonaherac@nih.gov,Male,102.184.53.210
374,Dael,Pfertner,dpfertnerad@sohu.com,Female,180.180.96.117
375,Alex,Chastan,achastanae@aol.com,Male,78.29.51.231
376,Casper,Sumshon,csumshonaf@friendfeed.com,Male,197.228.201.163
377,Rudy,Moffatt,rmoffattag@seattletimes.com,Male,233.176.132.202
378,Russell,Shitliff,rshitliffah@jugem.jp,Male,156.166.24.79
379,Alley,Curds,acurdsai@yellowpages.com,Male,69.51.255.97
380,Constancy,Frickey,cfrickeyaj@edublogs.org,Female,146.44.23.252
381,Trace,Rozzier,trozzierak@slate.com,Male,183.163.195.5
382,Jamaal,Teaz,jteazal@spotify.com,Male,77.103.173.191
383,Ashleigh,South,asoutham@dot.gov,Female,227.102.208.226
384,Darcee,Tupie,dtupiean@ibm.com,Female,200.178.147.29
385,Johann,Cumpsty,jcumpstyao@phoca.cz,Male,148.23.149.59
386,Clywd,Patriche,cpatricheap@twitter.com,Male,63.209.92.36
387,Wolfgang,Pescud,wpescudaq@wunderground.com,Male,18.64.247.149
388,Steffen,Wartnaby,swartnabyar@printfriendly.com,Male,189.38.72.0
389,Channa,Bambra,cbambraas@indiegogo.com,Female,188.244.26.80
390,Hurleigh,Babon,hbabonat@usda.gov,Male,78.112.100.143
391,Hazlett,Wass,hwassau@odnoklassniki.ru,Male,135.53.5.86
392,Gifford,Radeliffe,gradeliffeav@washingtonpost.com,Male,121.207.213.231
393,Lamont,de Merida,ldemeridaaw@narod.ru,Male,13.38.116.107
394,Nancy,Perrycost,nperrycostax@squarespace.com,Female,115.45.19.188
395,Foss,Hanster,fhansteray@google.it,Male,214.124.29.173
396,Cassi,De La Coste,cdelacosteaz@bigcartel.com,Female,41.193.41.54
397,Coraline,Vennard,cvennardb0@unesco.org,Female,152.142.130.165
398,Maris,Maven,mmavenb1@last.fm,Female,158.91.28.163
399,Far,MacGee,fmacgeeb2@sfgate.com,Male,218.181.61.151
400,Betta,Ilden,bildenb3@netlog.com,Female,151.236.223.195
401,Bianka,Fulkes,bfulkesb4@epa.gov,Female,121.27.70.197
402,Francesca,Scardifield,fscardifieldb5@amazon.com,Female,17.206.45.214
403,Elvyn,Pensom,epensomb6@canalblog.com,Male,17.197.129.162
404,Ruby,Willard,rwillardb7@slashdot.org,Male,135.156.34.192
405,Kerstin,Quakley,kquakleyb8@wp.com,Female,194.67.244.59
406,Kristopher,Maffucci,kmaffuccib9@friendfeed.com,Polygender,195.53.102.82
407,Fleming,Girardetti,fgirardettiba@rediff.com,Male,231.15.110.153
408,Modestine,Havill,mhavillbb@ebay.co.uk,Genderfluid,44.199.109.157
409,Chrisse,Andryushin,candryushinbc@devhub.com,Male,211.195.136.35
410,Garek,Baythrop,gbaythropbd@reddit.com,Polygender,111.26.74.59
411,Skylar,Pahl,spahlbe@google.com.hk,Male,48.232.84.228
412,Erma,Monck,emonckbf@wordpress.com,Female,90.181.88.171
413,Towny,Gillinghams,tgillinghamsbg@blogtalkradio.com,Male,75.237.120.49
414,Gaven,Goodings,ggoodingsbh@wordpress.org,Male,189.150.184.6
415,Lucien,Scroxton,lscroxtonbi@slate.com,Male,54.27.153.116
416,Nathaniel,Cherrison,ncherrisonbj@pinterest.com,Male,20.96.16.131
417,Carlie,D'Costa,cdcostabk@xrea.com,Female,208.247.137.120
418,Jorie,Baum,jbaumbl@studiopress.com,Female,232.212.134.50
419,Arne,Krystof,akrystofbm@google.co.jp,Male,211.117.52.21
420,Sondra,Utley,sutleybn@prweb.com,Female,98.195.185.56
421,Siffre,Milkin,smilkinbo@dailymail.co.uk,Male,51.134.1.227
422,Wain,Tadman,wtadmanbp@is.gd,Bigender,98.28.139.93
423,Tamiko,Giorgetti,tgiorgettibq@skyrock.com,Female,195.141.78.250
424,Darice,Guild,dguildbr@example.com,Female,87.174.111.15
425,Guglielmo,Calender,gcalenderbs@buzzfeed.com,Male,60.67.99.246
426,Hugo,Gosnold,hgosnoldbt@wisc.edu,Male,29.50.156.23
427,Evyn,Malshinger,emalshingerbu@senate.gov,Male,254.242.86.116
428,Harris,Pocknoll,hpocknollbv@tuttocitta.it,Male,169.93.160.9
429,Garold,Guerola,gguerolabw@google.com.au,Male,74.6.29.169
430,Keven,Danilenko,kdanilenkobx@amazon.co.uk,Male,183.7.40.123
431,Reider,Connealy,rconnealyby@freewebs.com,Male,178.235.80.82
432,Kordula,Stollsteimer,kstollsteimerbz@360.cn,Female,66.153.124.14
433,Chaunce,Soda,csodac0@quantcast.com,Male,18.221.10.253
434,Elisha,Binnie,ebinniec1@addtoany.com,Female,253.42.34.171
435,Latashia,Pledge,lpledgec2@oracle.com,Female,134.129.187.126
436,Ronald,Mateos,rmateosc3@bing.com,Male,216.52.134.49
437,Marissa,Gatteridge,mgatteridgec4@barnesandnoble.com,Polygender,155.162.236.202
438,Zea,Chisman,zchismanc5@wix.com,Female,126.76.83.189
439,Gabbey,Dunford,gdunfordc6@unesco.org,Female,120.207.26.211
440,Kelly,Stone,kstonec7@shutterfly.com,Male,25.33.41.80
441,Marlon,Skerritt,mskerrittc8@marriott.com,Male,133.211.11.227
442,Derek,Pengelly,dpengellyc9@shareasale.com,Male,221.119.80.246
443,Coreen,Bretelle,cbretelleca@slate.com,Female,22.201.217.226
444,Gothart,Rookesby,grookesbycb@hostgator.com,Male,96.179.76.147
445,Inger,Iczokvitz,iiczokvitzcc@barnesandnoble.com,Genderqueer,93.50.79.8
446,Audre,Odell,aodellcd@zdnet.com,Female,65.140.239.150
447,Trueman,Cornelissen,tcornelissence@mozilla.com,Male,91.249.173.130
448,Huntley,Wyldish,hwyldishcf@pinterest.com,Male,26.203.42.236
449,Timmy,Johnstone,tjohnstonecg@google.pl,Male,199.96.113.121
450,Maxine,Ebbing,mebbingch@bbb.org,Female,172.30.94.33
451,Amanda,Bearward,abearwardci@msn.com,Female,219.17.205.167
452,Norina,McGray,nmcgraycj@dell.com,Genderfluid,70.145.5.134
453,Leonardo,Duffin,lduffinck@plala.or.jp,Male,135.141.129.181
454,Ethelred,Starcks,estarckscl@unicef.org,Male,223.130.182.232
455,Barbabra,Barnwell,bbarnwellcm@dailymotion.com,Female,65.122.169.149
456,Sammy,Ervine,servinecn@netvibes.com,Male,23.121.104.61
457,Bernarr,Van Eeden,bvaneedenco@sbwire.com,Male,129.6.66.40
458,Kitty,Pevsner,kpevsnercp@opensource.org,Female,232.124.60.44
459,Valeria,Piccop,vpiccopcq@plala.or.jp,Genderqueer,182.115.181.140
460,Carce,Hoyles,choylescr@ibm.com,Male,50.221.90.230
461,Geralda,Tockell,gtockellcs@businessinsider.com,Female,49.38.140.79
462,Zerk,McMinn,zmcminnct@economist.com,Male,184.228.41.237
463,Joelly,Doggett,jdoggettcu@mapquest.com,Female,221.94.185.84
464,Gusella,Garritley,ggarritleycv@army.mil,Female,89.194.54.147
465,Goldi,Redgrave,gredgravecw@jigsy.com,Female,216.234.82.225
466,Vicki,Brosoli,vbrosolicx@hugedomains.com,Female,250.105.170.38
467,Otho,McKinty,omckintycy@cargocollective.com,Male,84.90.105.134
468,Greggory,Cairney,gcairneycz@google.de,Male,55.76.97.12
469,Cliff,MacLleese,cmaclleesed0@washington.edu,Male,250.5.183.245
470,Allina,Leckey,aleckeyd1@netvibes.com,Female,7.148.134.30
471,Shadow,Sturr,ssturrd2@hatena.ne.jp,Male,174.200.42.85
472,Cynde,Austen,caustend3@netlog.com,Female,129.173.59.31
473,Joni,de Glanville,jdeglanvilled4@wisc.edu,Female,133.29.63.244
474,Grove,Booij,gbooijd5@jalbum.net,Male,113.116.71.89
475,Marius,Mountjoy,mmountjoyd6@desdev.cn,Male,70.113.99.122
476,Adler,Tanser,atanserd7@xing.com,Male,211.95.26.213
477,Minetta,Gowthrop,mgowthropd8@youtu.be,Female,104.212.120.132
478,Tillie,Stanes,tstanesd9@google.fr,Female,223.116.111.23
479,Haily,Sawrey,hsawreyda@newsvine.com,Male,15.106.162.94
480,Druci,Linck,dlinckdb@squidoo.com,Female,144.119.249.91
481,Giacobo,Moger,gmogerdc@wikipedia.org,Male,154.177.84.52
482,Kit,Jochens,kjochensdd@nhs.uk,Female,124.38.244.69
483,Kahaleel,Deem,kdeemde@mayoclinic.com,Male,20.186.87.212
484,Ester,Kenforth,ekenforthdf@yolasite.com,Female,81.106.58.18
485,Francois,Crotty,fcrottydg@tmall.com,Genderfluid,161.45.54.141
486,Gilburt,Coyte,gcoytedh@example.com,Male,250.102.211.53
487,Lynna,Dudliston,ldudlistondi@dot.gov,Female,212.102.26.216
488,Nessie,Aspenlon,naspenlondj@uiuc.edu,Bigender,38.226.10.255
489,Rolph,Avis,ravisdk@dropbox.com,Male,84.167.115.129
490,Yurik,Matusov,ymatusovdl@bravesites.com,Male,73.103.160.192
491,Cate,Bastone,cbastonedm@gravatar.com,Female,0.21.92.25
492,Maye,Malafe,mmalafedn@google.com.br,Female,209.248.175.67
493,Franciskus,Tute,ftutedo@globo.com,Male,52.56.59.207
494,Dillon,Irlam,dirlamdp@reference.com,Male,217.221.138.174
495,Dunstan,Twaits,dtwaitsdq@epa.gov,Male,102.203.42.205
496,Frances,Sorsby,fsorsbydr@ameblo.jp,Female,251.254.169.169
497,Brigid,Gandey,bgandeyds@themeforest.net,Female,247.57.150.207
498,Gwendolen,Castelijn,gcastelijndt@themeforest.net,Female,103.52.173.198
499,Roth,Riche,rrichedu@twitter.com,Male,244.220.146.23
500,Bradney,Pitkeathley,bpitkeathleydv@oakley.com,Male,106.122.195.25
501,Barbie,Braitling,bbraitlingdw@amazon.com,Female,165.180.198.124
502,Marcela,Labadini,mlabadinidx@china.com.cn,Female,185.18.84.202
503,Pip,Radbone,pradbonedy@nih.gov,Male,57.53.123.69
504,Maritsa,Hilbourne,mhilbournedz@jalbum.net,Female,233.94.31.193
505,Sharity,McGann,smcganne0@histats.com,Polygender,252.150.122.182
506,Fairleigh,Lumley,flumleye1@sina.com.cn,Male,114.60.148.54
507,Adriano,Finlater,afinlatere2@shop-pro.jp,Male,70.147.203.112
508,Lowell,McCleverty,lmcclevertye3@nhs.uk,Male,202.144.160.2
509,Freemon,De Carolis,fdecarolise4@ask.com,Male,17.3.159.39
510,Doloritas,Enbury,denburye5@sun.com,Female,114.197.137.53
511,Angelina,Fidelli,afidellie6@bigcartel.com,Female,63.229.26.113
512,Si,Brandi,sbrandie7@ft.com,Male,254.22.245.234
513,Egor,Burtt,eburtte8@house.gov,Male,214.184.122.137
514,Rae,Duthie,rduthiee9@mit.edu,Female,47.0.240.23
515,Carena,Hubbock,chubbockea@statcounter.com,Female,179.225.175.251
516,Amelia,Dillaway,adillawayeb@google.co.uk,Female,146.109.15.211
517,Juieta,Wolstencroft,jwolstencroftec@wiley.com,Female,157.237.173.16
518,Leora,Staddon,lstaddoned@nationalgeographic.com,Female,9.139.78.219
519,Lilla,Berrick,lberrickee@newyorker.com,Female,98.38.248.49
520,Rhona,Sircombe,rsircombeef@newyorker.com,Female,221.189.101.43
521,Henrik,Jodkowski,hjodkowskieg@last.fm,Male,201.56.214.63
522,Sabine,Shutle,sshutleeh@clickbank.net,Female,142.176.71.121
523,Skylar,Poulsum,spoulsumei@microsoft.com,Male,182.159.4.65
524,Calvin,Toupe,ctoupeej@loc.gov,Male,198.181.13.228
525,Sheffie,Dench,sdenchek@gravatar.com,Male,187.40.4.240
526,Brodie,Finnes,bfinnesel@youtu.be,Bigender,176.210.61.190
527,Niel,Munkley,nmunkleyem@acquirethisname.com,Polygender,160.223.231.78
528,Erny,Skelhorn,eskelhornen@vimeo.com,Male,22.61.169.84
529,Scarlett,McOwan,smcowaneo@rakuten.co.jp,Female,152.250.72.170
530,Angeline,Poxton,apoxtonep@ucoz.ru,Female,59.84.198.106
531,Jyoti,Rougier,jrougiereq@berkeley.edu,Female,17.44.175.101
532,Britta,Tams,btamser@dropbox.com,Female,173.153.17.179
533,Alidia,Dahlback,adahlbackes@meetup.com,Female,1.233.21.168
534,Garek,Jery,gjeryet@yahoo.com,Male,35.253.0.55
535,Debor,Stickels,dstickelseu@bandcamp.com,Female,43.88.133.112
536,Wilt,MacIlwrick,wmacilwrickev@deliciousdays.com,Male,92.57.13.216
537,Wendye,Leedes,wleedesew@fc2.com,Female,209.162.5.219
538,Tami,Leatherborrow,tleatherborrowex@cam.ac.uk,Female,205.48.163.138
539,Rick,Kears,rkearsey@webs.com,Male,35.82.104.1
540,Amye,Wellen,awellenez@list-manage.com,Agender,133.167.111.98
541,Wenonah,Plumbe,wplumbef0@ustream.tv,Agender,62.73.186.51
542,Ingemar,de'-Ancy Willis,ideancywillisf1@goo.ne.jp,Male,76.90.34.16
543,Joellyn,Draper,jdraperf2@cyberchimps.com,Female,9.157.43.202
544,Clary,Howard - Gater,chowardgaterf3@meetup.com,Female,70.64.197.72
545,Joletta,Goligher,jgoligherf4@cyberchimps.com,Female,8.81.29.63
546,Oralle,MacGowing,omacgowingf5@utexas.edu,Female,156.253.209.45
547,Lil,Eastby,leastbyf6@webnode.com,Female,156.145.203.143
548,Candie,Lipman,clipmanf7@phoca.cz,Female,18.147.73.253
549,Sharleen,Dyball,sdyballf8@vinaora.com,Female,160.155.141.107
550,Barbe,Ramsier,bramsierf9@dell.com,Female,147.150.94.86
551,Dana,Spickett,dspickettfa@hostgator.com,Male,115.165.225.108
552,Donnell,Emanulsson,demanulssonfb@sciencedaily.com,Male,210.41.182.32
553,Maybelle,Braferton,mbrafertonfc@hexun.com,Female,85.77.225.119
554,Antonetta,Pleager,apleagerfd@bloomberg.com,Female,57.204.236.71
555,Milli,Bruhn,mbruhnfe@wisc.edu,Female,239.46.106.64
556,Nicoli,Extance,nextanceff@arizona.edu,Female,226.108.30.176
557,Boniface,Hamner,bhamnerfg@google.cn,Male,157.173.15.138
558,Benito,Coote,bcootefh@yellowbook.com,Male,96.62.218.152
559,Danny,Hortop,dhortopfi@cbc.ca,Male,110.166.95.52
560,Guss,Murrell,gmurrellfj@icq.com,Bigender,120.45.109.40
561,Crichton,Ide,cidefk@nba.com,Male,128.226.140.17
562,Tibold,Osgood,tosgoodfl@wiley.com,Male,11.99.72.9
563,Nicky,McKinie,nmckiniefm@joomla.org,Male,43.210.135.36
564,Garret,Tasseler,gtasselerfn@reference.com,Male,3.49.220.163
565,Emile,Prestney,eprestneyfo@wordpress.org,Male,90.243.132.170
566,Ad,Tarbox,atarboxfp@sogou.com,Male,14.172.77.114
567,Shem,Reneke,srenekefq@ox.ac.uk,Male,140.118.26.136
568,Leah,Tunney,ltunneyfr@spiegel.de,Female,193.18.119.111
569,Benyamin,Axston,baxstonfs@biglobe.ne.jp,Male,193.105.66.152
570,Gerri,Cozins,gcozinsft@upenn.edu,Male,244.30.204.157
571,Karry,Limpkin,klimpkinfu@microsoft.com,Female,218.171.111.75
572,Murvyn,Heinlein,mheinleinfv@usa.gov,Male,193.79.188.24
573,Wally,Muldoon,wmuldoonfw@apache.org,Female,210.245.242.56
574,Skye,Ca,scafx@quantcast.com,Male,228.136.163.23
575,Baird,Rosedale,brosedalefy@oaic.gov.au,Male,222.126.164.210
576,Calv,Girk,cgirkfz@a8.net,Male,94.56.12.235
577,Loria,Reinard,lreinardg0@census.gov,Female,89.39.50.6
578,Brit,Shute,bshuteg1@ted.com,Male,218.182.162.185
579,Chane,Marsters,cmarstersg2@issuu.com,Male,180.135.42.176
580,Howard,Bedding,hbeddingg3@abc.net.au,Male,255.174.62.202
581,Renata,Dufer,rduferg4@cloudflare.com,Female,162.84.15.183
582,Johannah,Aylmer,jaylmerg5@baidu.com,Female,222.204.11.111
583,Murray,Challens,mchallensg6@de.vu,Male,186.160.221.233
584,Bradney,Rymer,brymerg7@hc360.com,Male,72.104.122.217
585,Alonzo,Waddicor,awaddicorg8@berkeley.edu,Male,5.94.194.53
586,Waly,Coakley,wcoakleyg9@devhub.com,Female,102.35.200.58
587,Loutitia,Elvish,lelvishga@odnoklassniki.ru,Female,113.17.126.85
588,Omar,Fusedale,ofusedalegb@icq.com,Male,25.248.177.29
589,Clarette,Bubbings,cbubbingsgc@ow.ly,Genderqueer,166.194.209.136
590,Darin,Whorton,dwhortongd@jugem.jp,Male,84.241.64.158
591,Zandra,Woolfitt,zwoolfittge@intel.com,Female,125.54.231.87
592,Teddy,Cardinale,tcardinalegf@dropbox.com,Male,108.150.149.84
593,Montague,Ganny,mgannygg@nba.com,Male,86.180.142.75
594,Gwendolyn,Boutwell,gboutwellgh@marketwatch.com,Female,141.217.65.225
595,Cozmo,Freiburger,cfreiburgergi@posterous.com,Male,73.106.136.136
596,Wittie,Innott,winnottgj@shareasale.com,Male,124.127.196.189
597,Pietra,Pagitt,ppagittgk@zdnet.com,Female,97.40.127.27
598,Sherwood,Heisham,sheishamgl@sbwire.com,Male,158.101.38.176
599,Roxine,von Nassau,rvonnassaugm@multiply.com,Female,203.208.236.22
600,Delmore,Artiss,dartissgn@columbia.edu,Male,238.178.78.231
601,Felizio,Elloit,felloitgo@microsoft.com,Male,213.25.148.153
602,Jesus,Fernley,jfernleygp@macromedia.com,Male,106.107.22.250
603,Binni,Hatton,bhattongq@infoseek.co.jp,Female,82.223.106.92
604,Elden,Beales,ebealesgr@tinypic.com,Male,69.56.69.148
605,Judah,Mc Corley,jmccorleygs@privacy.gov.au,Male,175.159.131.21
606,Agatha,Tregent,atregentgt@jalbum.net,Female,144.87.229.154
607,Llewellyn,Niemiec,lniemiecgu@histats.com,Male,43.113.7.198
608,Nanete,Joel,njoelgv@sourceforge.net,Female,188.219.150.187
609,Orin,Cumes,ocumesgw@nsw.gov.au,Male,245.24.83.33
610,Moishe,Govini,mgovinigx@phpbb.com,Male,186.197.179.74
611,Thorn,Churly,tchurlygy@e-recht24.de,Male,198.195.70.49
612,Davina,Place,dplacegz@cnet.com,Female,98.162.55.145
613,Rolando,MacKeig,rmackeigh0@macromedia.com,Male,189.202.186.74
614,Bourke,Brockman,bbrockmanh1@furl.net,Male,195.204.172.77
615,Westleigh,Farquhar,wfarquharh2@unblog.fr,Male,92.6.135.255
616,Giselle,Colcomb,gcolcombh3@oakley.com,Female,53.124.171.77
617,El,Abrashkin,eabrashkinh4@nydailynews.com,Male,52.240.31.96
618,Ophelia,Scorton,oscortonh5@narod.ru,Female,235.206.137.9
619,Austin,Swyer,aswyerh6@webs.com,Male,227.190.191.112
620,Felice,Curnucke,fcurnuckeh7@gnu.org,Male,24.192.6.182
621,Lydie,Eard,leardh8@bandcamp.com,Female,223.85.150.74
622,Parrnell,MacAdam,pmacadamh9@surveymonkey.com,Male,42.135.28.163
623,Salem,Holliar,sholliarha@ihg.com,Male,2.49.196.76
624,Elfrida,Vinker,evinkerhb@ocn.ne.jp,Female,32.174.44.75
625,Lucretia,Anstice,lansticehc@merriam-webster.com,Female,230.175.165.127
626,Francklin,Alu,faluhd@123-reg.co.uk,Male,79.213.168.83
627,Kanya,Twede,ktwedehe@imgur.com,Female,230.144.138.156
628,Monah,Newens,mnewenshf@simplemachines.org,Female,151.215.3.108
629,Ginger,Fletcher,gfletcherhg@dailymotion.com,Female,89.242.39.110
630,Patrice,Willard,pwillardhh@nymag.com,Female,146.232.158.34
631,Fabien,Piris,fpirishi@vk.com,Male,159.90.232.199
632,Gawen,Blazy,gblazyhj@hostgator.com,Male,247.10.249.236
633,Guillaume,Langford,glangfordhk@tamu.edu,Male,98.61.62.100
634,Darn,Ebdin,debdinhl@symantec.com,Male,204.79.245.75
635,Antonius,Youd,ayoudhm@parallels.com,Agender,153.65.156.84
636,Irina,Ringham,iringhamhn@sogou.com,Female,28.235.153.104
637,Vivien,Jacobssen,vjacobssenho@pinterest.com,Genderfluid,95.69.127.25
638,Braden,Pitblado,bpitbladohp@fastcompany.com,Male,84.209.211.184
639,Bonny,Tayt,btaythq@nydailynews.com,Female,113.213.21.194
640,Darnell,Marikhin,dmarikhinhr@fema.gov,Male,235.190.190.53
641,Bennett,Silverstone,bsilverstonehs@sciencedaily.com,Male,71.16.22.45
642,Donalt,Kowalski,dkowalskiht@wordpress.com,Male,122.68.37.246
643,Elna,Snaden,esnadenhu@uiuc.edu,Female,236.202.101.127
644,Chery,De Metz,cdemetzhv@miibeian.gov.cn,Female,58.110.139.207
645,Tedd,Baulk,tbaulkhw@jiathis.com,Male,209.115.159.24
646,Odella,Falla,ofallahx@aboutads.info,Female,35.235.132.227
647,Kalli,Chicchelli,kchicchellihy@issuu.com,Female,132.121.76.237
648,Wendell,Janks,wjankshz@washingtonpost.com,Male,92.48.123.7
649,Helli,Keddy,hkeddyi0@wufoo.com,Female,66.46.235.248
650,Carlyle,Ricoald,cricoaldi1@twitpic.com,Male,84.14.166.208
651,Randene,Edmands,redmandsi2@howstuffworks.com,Female,25.42.109.246
652,Cord,Beert,cbeerti3@networksolutions.com,Male,228.126.32.112
653,Lee,Arlidge,larlidgei4@creativecommons.org,Male,200.201.212.144
654,Stefa,Belshaw,sbelshawi5@unblog.fr,Female,26.251.43.170
655,Sosanna,Riseborough,sriseboroughi6@geocities.com,Female,255.55.251.93
656,Celestyn,Churchlow,cchurchlowi7@tumblr.com,Female,149.242.56.40
657,Emilia,Jeafferson,ejeaffersoni8@intel.com,Polygender,15.100.151.232
658,Christian,Doyley,cdoyleyi9@howstuffworks.com,Female,150.218.243.235
659,Charo,Muriel,cmurielia@ask.com,Female,245.169.9.229
660,Duffy,Shelton,dsheltonib@myspace.com,Male,8.212.245.194
661,Robbin,Sterling,rsterlingic@opera.com,Female,201.242.29.161
662,Eddy,Klain,eklainid@woothemes.com,Male,242.251.173.112
663,Field,Spinnace,fspinnaceie@seesaa.net,Bigender,150.142.92.71
664,Elaina,Surcombe,esurcombeif@independent.co.uk,Female,1.165.58.198
665,Phineas,Bubbins,pbubbinsig@delicious.com,Male,127.195.3.179
666,Sheila,Philot,sphilotih@slashdot.org,Bigender,217.215.54.90
667,Farr,Roby,frobyii@yahoo.co.jp,Male,28.113.42.171
668,Lilla,Gooders,lgoodersij@wp.com,Female,39.151.235.200
669,Fidelity,Chalcraft,fchalcraftik@rambler.ru,Non-binary,167.183.127.26
670,Elizabet,Ivashchenko,eivashchenkoil@tuttocitta.it,Female,201.16.224.238
671,Garrick,Teale,gtealeim@alexa.com,Male,102.61.26.2
672,Alasdair,Biles,abilesin@dailymail.co.uk,Male,248.6.244.170
673,Temple,Girogetti,tgirogettiio@paginegialle.it,Male,191.23.152.28
674,Ephrayim,Gladwish,egladwiship@alexa.com,Male,220.117.198.150
675,Trstram,Lyndon,tlyndoniq@loc.gov,Male,122.184.188.7
676,Hanni,Blaxton,hblaxtonir@bluehost.com,Female,212.77.134.100
677,Arte,Lindhe,alindheis@utexas.edu,Male,94.187.25.211
678,Daryle,Traice,dtraiceit@mapy.cz,Male,69.250.14.13
679,Ynes,Stephens,ystephensiu@google.pl,Agender,201.223.45.43
680,Loleta,Jeckells,ljeckellsiv@ovh.net,Female,195.218.249.173
681,Alis,De Cruze,adecruzeiw@naver.com,Female,40.7.194.152
682,Alasteir,Brewood,abrewoodix@cbslocal.com,Male,76.15.110.157
683,Felicle,Chater,fchateriy@rakuten.co.jp,Agender,46.104.71.37
684,Padget,Ofer,poferiz@ftc.gov,Male,10.205.148.62
685,Tera,Combe,tcombej0@indiatimes.com,Female,242.87.99.26
686,Kordula,Mulligan,kmulliganj1@cyberchimps.com,Genderfluid,82.234.26.130
687,Esteban,Count,ecountj2@omniture.com,Male,208.129.8.27
688,Brittan,McCurtain,bmccurtainj3@t.co,Bigender,52.193.155.69
689,Edin,Rankin,erankinj4@go.com,Female,50.102.110.198
690,Nomi,Casarino,ncasarinoj5@canalblog.com,Female,135.105.230.253
691,Allard,MacGoun,amacgounj6@mashable.com,Non-binary,29.64.30.128
692,Karoly,Pickford,kpickfordj7@goodreads.com,Female,187.43.81.209
693,Thea,Gaskamp,tgaskampj8@ocn.ne.jp,Female,134.37.146.182
694,Brewster,Comi,bcomij9@topsy.com,Male,255.245.229.73
695,Ashil,Wixey,awixeyja@163.com,Female,197.52.56.153
696,Sherman,Basilotta,sbasilottajb@newyorker.com,Male,45.147.190.194
697,Benjie,Grigorkin,bgrigorkinjc@4shared.com,Male,197.225.149.241
698,Noland,Triplett,ntriplettjd@army.mil,Male,120.206.34.54
699,Felic,Cagan,fcaganje@ebay.co.uk,Male,234.78.217.172
700,Bartel,Coulling,bcoullingjf@cmu.edu,Male,237.113.82.23
701,Wandie,Grancher,wgrancherjg@pinterest.com,Female,151.60.175.142
702,Lazaro,Clabburn,lclabburnjh@i2i.jp,Male,134.201.186.66
703,Vida,Gunda,vgundaji@mlb.com,Female,128.57.98.62
704,Britteny,Derby,bderbyjj@tinypic.com,Female,148.221.20.84
705,Christian,Petrecz,cpetreczjk@marketwatch.com,Male,104.38.188.188
706,Agnese,Mallinar,amallinarjl@issuu.com,Female,73.79.12.91
707,Tedra,Fleet,tfleetjm@kickstarter.com,Female,174.230.138.229
708,Lars,Drane,ldranejn@discovery.com,Male,54.153.143.59
709,Orelia,Godson,ogodsonjo@myspace.com,Female,106.245.55.107
710,Adamo,Tattam,atattamjp@pagesperso-orange.fr,Male,39.121.147.222
711,Johnny,McGahern,jmcgahernjq@w3.org,Male,212.178.137.147
712,Lina,Littlecote,llittlecotejr@unblog.fr,Female,39.150.89.205
713,Hayyim,Masdin,hmasdinjs@t.co,Male,82.19.76.72
714,Glen,Knowler,gknowlerjt@g.co,Male,48.81.99.133
715,Gonzalo,Rackam,grackamju@smh.com.au,Male,254.16.2.175
716,Winnifred,Merriott,wmerriottjv@linkedin.com,Female,106.112.178.21
717,Shel,Laidlow,slaidlowjw@utexas.edu,Bigender,186.224.229.41
718,Deidre,Bryden,dbrydenjx@dagondesign.com,Female,9.30.38.85
719,Virgie,Sheen,vsheenjy@nba.com,Female,93.175.10.29
720,Broderic,Scrine,bscrinejz@microsoft.com,Male,31.173.33.146
721,Kellby,Callinan,kcallinank0@java.com,Agender,144.44.235.155
722,Sauncho,Dadswell,sdadswellk1@vk.com,Male,216.143.165.207
723,Othilia,Whickman,owhickmank2@nbcnews.com,Female,151.227.109.177
724,Yard,Shetliff,yshetliffk3@usgs.gov,Male,49.186.228.130
725,Caroline,Gilchrist,cgilchristk4@deviantart.com,Female,36.184.190.208
726,Phyllis,Wallege,pwallegek5@ovh.net,Female,94.193.235.160
727,Ethel,Ayshford,eayshfordk6@angelfire.com,Female,233.216.73.238
728,Lucie,MacKeeg,lmackeegk7@google.com.hk,Female,207.37.200.178
729,Trace,Mutton,tmuttonk8@state.gov,Male,126.13.167.235
730,Hadlee,Colleford,hcollefordk9@livejournal.com,Male,218.82.144.160
731,Ronny,Gridley,rgridleyka@unicef.org,Female,167.23.213.22
732,Estele,Whiteford,ewhitefordkb@nbcnews.com,Female,213.216.201.23
733,Osbourne,Pawlett,opawlettkc@xinhuanet.com,Male,22.28.111.82
734,Luigi,Bedinn,lbedinnkd@mapy.cz,Male,133.178.26.59
735,Shaina,Petegre,spetegreke@opera.com,Polygender,107.65.251.206
736,Horatius,Steinham,hsteinhamkf@utexas.edu,Genderfluid,181.205.221.140
737,Whitney,De Roos,wderooskg@go.com,Female,80.4.250.56
738,Dorian,Schohier,dschohierkh@dell.com,Female,214.191.225.239
739,Lin,Bernon,lbernonki@telegraph.co.uk,Male,61.63.73.55
740,Quintilla,Rantoull,qrantoullkj@vk.com,Female,130.86.30.175
741,Garrard,Maylor,gmaylorkk@mtv.com,Male,188.201.111.141
742,Tudor,Tyreman,ttyremankl@vkontakte.ru,Male,203.45.57.0
743,Reeba,Nuth,rnuthkm@qq.com,Female,193.117.84.79
744,Warren,Aldred,waldredkn@uol.com.br,Male,122.147.38.102
745,Anne,Goulding,agouldingko@odnoklassniki.ru,Female,116.227.116.86
746,Brnaba,Hayer,bhayerkp@deliciousdays.com,Male,138.250.155.71
747,Waylen,Schoolfield,wschoolfieldkq@fastcompany.com,Male,4.46.113.28
748,Aubert,Bikker,abikkerkr@biglobe.ne.jp,Male,231.36.21.143
749,Fred,Corsar,fcorsarks@ft.com,Male,92.137.254.217
750,Felipe,Trewhella,ftrewhellakt@newyorker.com,Male,1.61.105.63
751,Riordan,Enderson,rendersonku@scribd.com,Male,99.80.155.33
752,Rafe,Alderson,raldersonkv@hp.com,Male,114.21.197.1
753,Lorant,Curle,lcurlekw@businessinsider.com,Male,160.104.128.131
754,Davon,Aishford,daishfordkx@ft.com,Male,12.68.43.78
755,Emelda,Aindrais,eaindraisky@meetup.com,Female,38.114.8.239
756,Had,Morrish,hmorrishkz@whitehouse.gov,Male,219.64.15.193
757,Pietro,Blacklock,pblacklockl0@ovh.net,Male,222.112.107.25
758,Danny,Giacopelo,dgiacopelol1@arstechnica.com,Male,153.138.183.152
759,Timmy,Mellem,tmelleml2@hud.gov,Female,247.155.177.19
760,Stanislas,Kiessel,skiessell3@cnbc.com,Male,86.225.42.89
761,Gaston,Barrie,gbarriel4@list-manage.com,Male,250.253.104.30
762,Mareah,Brayfield,mbrayfieldl5@usgs.gov,Female,27.58.82.222
763,Shaughn,Longmore,slongmorel6@furl.net,Genderqueer,161.213.57.44
764,Kit,Ambler,kamblerl7@huffingtonpost.com,Female,202.38.106.243
765,Claus,Bonass,cbonassl8@gmpg.org,Male,155.142.134.171
766,Janna,Aizikovitch,jaizikovitchl9@si.edu,Female,108.215.227.53
767,Hewett,Rutherford,hrutherfordla@sphinn.com,Male,50.137.61.82
768,Ag,Cymper,acymperlb@jugem.jp,Female,178.55.148.95
769,Brynne,Cometto,bcomettolc@springer.com,Female,187.148.49.28
770,Pam,Westnage,pwestnageld@yelp.com,Female,152.111.28.92
771,Gaylord,Villiers,gvilliersle@narod.ru,Male,107.22.76.23
772,Edmund,Andree,eandreelf@about.com,Male,197.62.53.213
773,Dulcea,Grayson,dgraysonlg@51.la,Female,3.232.229.194
774,Luci,Forrestall,lforrestalllh@sohu.com,Agender,85.179.92.3
775,Page,Alliband,pallibandli@discuz.net,Female,35.223.90.57
776,Benjamen,Chadbourne,bchadbournelj@yahoo.com,Male,89.253.123.27
777,Roderich,Thyer,rthyerlk@nyu.edu,Male,48.39.109.112
778,Virgie,Shotboult,vshotboultll@meetup.com,Male,150.113.130.196
779,Garvy,Gerge,ggergelm@goodreads.com,Male,69.229.67.86
780,Ruttger,Harroway,rharrowayln@java.com,Male,78.17.78.39
781,Roseann,Blacksell,rblackselllo@xing.com,Female,205.191.15.73
782,Abe,Bushrod,abushrodlp@admin.ch,Agender,203.104.167.4
783,Karney,Klausewitz,kklausewitzlq@themeforest.net,Male,197.142.178.177
784,Domenico,Truluck,dtrulucklr@deliciousdays.com,Male,124.161.76.204
785,Marcia,Hayball,mhayballls@shareasale.com,Female,128.17.192.246
786,Christen,Ivatts,civattslt@dailymail.co.uk,Female,181.121.110.132
787,Caterina,Semiraz,csemirazlu@fema.gov,Female,79.60.112.111
788,Dee,Levey,dleveylv@webeden.co.uk,Female,49.182.1.207
789,Lothario,Fumagalli,lfumagallilw@fastcompany.com,Polygender,96.248.120.213
790,Heather,Brockie,hbrockielx@dailymail.co.uk,Female,79.54.159.38
791,Cassius,Matushevitz,cmatushevitzly@senate.gov,Male,54.34.206.190
792,Delly,Olkowicz,dolkowiczlz@engadget.com,Female,213.49.242.177
793,Trumaine,Doll,tdollm0@illinois.edu,Male,158.11.86.31
794,Fredelia,Thirst,fthirstm1@usa.gov,Female,138.15.71.185
795,Barth,Thraves,bthravesm2@liveinternet.ru,Male,224.48.207.255
796,Magdalene,Dines,mdinesm3@comcast.net,Female,232.172.139.223
797,Maude,Gadsdon,mgadsdonm4@google.it,Female,213.135.19.255
798,Delaney,Pullan,dpullanm5@archive.org,Male,157.82.58.65
799,Curcio,Langhorn,clanghornm6@xinhuanet.com,Male,130.130.243.37
800,Alexandrina,Kolodziejski,akolodziejskim7@archive.org,Female,80.237.98.156
801,Bengt,Theuff,btheuffm8@bloglines.com,Male,165.109.231.220
802,Julee,Jeanequin,jjeanequinm9@seesaa.net,Female,112.2.151.36
803,Durante,Aizlewood,daizlewoodma@rediff.com,Male,84.252.131.3
804,Siffre,Antczak,santczakmb@harvard.edu,Male,143.250.127.250
805,Robena,Bacher,rbachermc@vinaora.com,Female,207.192.253.153
806,Sandor,Hrachovec,shrachovecmd@wisc.edu,Male,156.136.249.58
807,Moses,Iacovielli,miacoviellime@eepurl.com,Male,38.134.88.237
808,Sayers,Kall,skallmf@yale.edu,Male,181.188.37.180
809,Ric,Dairton,rdairtonmg@hhs.gov,Male,235.13.92.39
810,Forester,Jorin,fjorinmh@comsenz.com,Male,255.181.190.102
811,Denny,Haswall,dhaswallmi@i2i.jp,Female,10.86.14.10
812,Emalee,Tadman,etadmanmj@theguardian.com,Female,53.237.32.149
813,Derril,Tarney,dtarneymk@google.com.hk,Male,78.86.176.177
814,Gerard,Kittley,gkittleyml@seattletimes.com,Male,166.224.97.219
815,Rodolfo,Degli Antoni,rdegliantonimm@ask.com,Male,134.193.62.58
816,Brook,Moens,bmoensmn@ameblo.jp,Female,105.150.163.240
817,Lew,Puddan,lpuddanmo@nasa.gov,Male,137.177.160.55
818,Rene,Ickowicz,rickowiczmp@ow.ly,Female,28.109.247.130
819,Antonin,Matterdace,amatterdacemq@123-reg.co.uk,Male,30.47.138.19
820,Conrad,Soule,csoulemr@ftc.gov,Male,179.34.243.161
821,Davidde,Jarman,djarmanms@mozilla.com,Male,54.59.91.230
822,Lanette,Luna,llunamt@freewebs.com,Female,102.59.141.33
823,Charity,Izod,cizodmu@com.com,Bigender,141.123.231.155
824,Steven,Tacker,stackermv@bandcamp.com,Male,132.160.174.56
825,Gothart,Espinheira,gespinheiramw@scribd.com,Male,6.143.41.119
826,Sabra,Dowglass,sdowglassmx@networksolutions.com,Female,168.2.205.244
827,Hi,Hicken,hhickenmy@admin.ch,Male,30.176.133.39
828,Enrique,Willder,ewilldermz@woothemes.com,Male,97.75.79.104
829,Myrtie,Sedworth,msedworthn0@canalblog.com,Female,28.95.247.80
830,Alvera,Vischi,avischin1@about.com,Female,46.151.159.171
831,Orbadiah,Goldstraw,ogoldstrawn2@tmall.com,Male,82.240.196.4
832,Rollin,Guilleton,rguilletonn3@opensource.org,Male,6.225.181.43
833,Caddric,Fomichkin,cfomichkinn4@qq.com,Male,23.186.219.86
834,Kipp,Derby,kderbyn5@elpais.com,Male,198.188.191.65
835,Ruthie,Koch,rkochn6@fotki.com,Female,174.67.158.225
836,Barton,De Vaan,bdevaann7@liveinternet.ru,Male,83.136.224.90
837,Abigail,Saddington,asaddingtonn8@house.gov,Female,160.196.30.61
838,Darnell,Roggers,droggersn9@woothemes.com,Male,179.236.194.15
839,Mercedes,Pitkeathly,mpitkeathlyna@aboutads.info,Bigender,180.39.30.57
840,Nancey,Bradnock,nbradnocknb@discuz.net,Genderfluid,190.217.12.37
841,Gill,Durtnell,gdurtnellnc@usda.gov,Female,130.19.14.45
842,Merralee,Torr,mtorrnd@imdb.com,Non-binary,195.161.215.53
843,Gaynor,Corless,gcorlessne@hp.com,Female,205.57.237.205
844,Isiahi,Woliter,iwoliternf@cisco.com,Male,16.191.245.127
845,Brit,Hurles,bhurlesng@wsj.com,Bigender,151.170.94.11
846,Brett,Beecham,bbeechamnh@elegantthemes.com,Male,27.81.194.85
847,Nara,Winscum,nwinscumni@i2i.jp,Female,206.216.71.81
848,Abramo,Haymes,ahaymesnj@ezinearticles.com,Male,91.98.184.121
849,Alysa,Filshin,afilshinnk@paginegialle.it,Female,163.32.79.234
850,Michel,Goulthorp,mgoulthorpnl@t-online.de,Agender,240.179.74.140
851,Torrin,Simons,tsimonsnm@behance.net,Male,235.63.251.252
852,Sheffy,Imbrey,simbreynn@parallels.com,Male,12.131.124.216
853,Engracia,Fallows,efallowsno@topsy.com,Female,171.203.92.61
854,Dael,Bendixen,dbendixennp@washingtonpost.com,Male,43.155.168.127
855,Mayne,Beeswing,mbeeswingnq@ucsd.edu,Agender,27.134.168.181
856,Neall,Fulmen,nfulmennr@desdev.cn,Male,48.136.78.102
857,Berkeley,Devany,bdevanyns@google.fr,Male,102.244.132.234
858,Gunilla,Palser,gpalsernt@weebly.com,Female,17.102.214.37
859,Almira,Woodsford,awoodsfordnu@angelfire.com,Female,240.126.72.62
860,Margaretta,Burg,mburgnv@toplist.cz,Female,175.53.254.129
861,Orbadiah,Althrope,oalthropenw@dropbox.com,Male,142.254.181.22
862,Ingmar,Bellenger,ibellengernx@hhs.gov,Male,152.21.165.218
863,Howey,Gullberg,hgullbergny@ft.com,Male,86.234.146.65
864,Gilda,McCullouch,gmccullouchnz@infoseek.co.jp,Female,38.246.254.216
865,Mathilde,Rohan,mrohano0@biglobe.ne.jp,Female,102.134.235.21
866,Melisent,Foister,mfoistero1@myspace.com,Female,127.103.60.223
867,Victor,Croce,vcroceo2@friendfeed.com,Male,52.98.190.170
868,Chryste,Gentil,cgentilo3@shutterfly.com,Female,249.130.180.204
869,Herbie,De Ortega,hdeortegao4@phpbb.com,Male,225.170.238.111
870,Abbye,Beynkn,abeynkno5@naver.com,Female,225.216.74.13
871,Murvyn,Eixenberger,meixenbergero6@cbslocal.com,Male,167.242.139.118
872,Josh,Shilston,jshilstono7@engadget.com,Male,58.79.223.207
873,Meredeth,Tenny,mtennyo8@google.cn,Male,247.174.247.163
874,Milt,Bridson,mbridsono9@auda.org.au,Male,96.92.159.131
875,Avram,Dufall,adufalloa@wordpress.org,Male,49.119.117.52
876,Nikos,Weeks,nweeksob@miitbeian.gov.cn,Male,91.72.163.25
877,Jerad,Balshen,jbalshenoc@fda.gov,Polygender,78.104.168.133
878,Lina,Withrop,lwithropod@rediff.com,Female,204.129.236.43
879,Eddie,Tubbles,etubblesoe@smh.com.au,Male,148.131.132.211
880,Spense,Kennet,skennetof@admin.ch,Male,77.66.83.1
881,Ricki,McKane,rmckaneog@ted.com,Female,65.159.42.106
882,Darcy,Littlejohns,dlittlejohnsoh@linkedin.com,Male,23.173.18.61
883,Grenville,McEvay,gmcevayoi@ning.com,Male,132.207.65.128
884,Fonsie,O'Henecan,fohenecanoj@google.cn,Male,103.250.179.236
885,Lilias,Sarton,lsartonok@shop-pro.jp,Female,159.91.72.23
886,Celisse,Witty,cwittyol@biblegateway.com,Polygender,254.187.72.33
887,Olivia,Treadaway,otreadawayom@facebook.com,Female,159.128.243.208
888,Les,Mustill,lmustillon@jigsy.com,Male,39.38.16.150
889,Marris,Divver,mdivveroo@cbc.ca,Female,163.220.201.250
890,Alison,Rushbury,arushburyop@google.com.au,Female,170.174.107.3
891,Horton,d'Arcy,hdarcyoq@topsy.com,Male,48.30.163.101
892,Rene,Armstead,rarmsteador@diigo.com,Female,13.38.125.233
893,Bevvy,Gadsby,bgadsbyos@pinterest.com,Female,166.253.214.97
894,Mala,Russon,mrussonot@lulu.com,Female,241.171.97.63
895,Ansley,Morewood,amorewoodou@cdbaby.com,Female,234.84.142.166
896,Arlin,Buttel,abuttelov@unblog.fr,Male,122.140.125.10
897,Gilli,Earland,gearlandow@ebay.com,Female,70.105.2.220
898,Barb,Targe,btargeox@devhub.com,Female,45.46.112.238
899,Cassaundra,Tellenbach,ctellenbachoy@mashable.com,Female,143.10.208.159
900,Lezlie,Coast,lcoastoz@ted.com,Female,15.91.69.46
901,Lilly,Tabrett,ltabrettp0@t.co,Female,184.254.93.95
902,Margarete,Dingley,mdingleyp1@smh.com.au,Female,255.48.32.212
903,Prudi,Tyndall,ptyndallp2@prweb.com,Female,135.43.245.200
904,Cristina,Schnieder,cschniederp3@shutterfly.com,Female,249.211.134.170
905,Pattie,Scrooby,pscroobyp4@pcworld.com,Male,30.42.125.105
906,Elisabeth,Egger,eeggerp5@lycos.com,Female,50.75.50.238
907,Sula,Grigorio,sgrigoriop6@mediafire.com,Female,176.245.52.241
908,Gerti,Dovidian,gdovidianp7@google.it,Female,168.60.17.215
909,Myron,Petkens,mpetkensp8@biblegateway.com,Male,33.92.150.165
910,Caria,Hattersley,chattersleyp9@prlog.org,Genderfluid,193.106.234.188
911,Joni,Litterick,jlitterickpa@miitbeian.gov.cn,Female,220.70.90.44
912,Evelin,Jiles,ejilespb@t.co,Agender,245.80.244.1
913,Rex,Paice,rpaicepc@booking.com,Non-binary,151.98.148.216
914,Goldi,Yemm,gyemmpd@economist.com,Female,213.47.230.84
915,Abran,Dunthorn,adunthornpe@walmart.com,Male,224.194.112.18
916,Timmy,Tremollet,ttremolletpf@deliciousdays.com,Female,117.158.144.22
917,Ettie,Leeves,eleevespg@tmall.com,Female,150.243.208.185
918,Adolphus,Scain,ascainph@diigo.com,Male,194.185.49.253
919,Robbie,Sandy,rsandypi@wordpress.com,Female,23.45.107.91
920,Lynna,Sneden,lsnedenpj@ow.ly,Female,6.10.236.139
921,Lotte,Schouthede,lschouthedepk@bloglines.com,Female,192.127.10.222
922,Barnabe,Reach,breachpl@cornell.edu,Male,64.19.252.84
923,Barbara-anne,Harmson,bharmsonpm@mysql.com,Female,150.191.123.215
924,Arabel,Exroll,aexrollpn@telegraph.co.uk,Genderqueer,239.106.196.68
925,Newton,Durtnall,ndurtnallpo@myspace.com,Male,85.61.68.29
926,Charleen,LAbbet,clabbetpp@google.com.au,Female,97.207.18.107
927,Demeter,Croxon,dcroxonpq@paginegialle.it,Genderqueer,143.48.226.169
928,Phyllis,Kidney,pkidneypr@google.de,Female,238.150.126.52
929,Celeste,D'Angeli,cdangelips@ucoz.ru,Female,220.77.11.183
930,Marris,Acom,macompt@bigcartel.com,Female,68.252.52.204
931,Astrix,Moorwood,amoorwoodpu@toplist.cz,Female,254.24.234.213
932,Nilson,Freeburn,nfreeburnpv@yandex.ru,Male,233.42.204.109
933,Pate,Hobgen,phobgenpw@acquirethisname.com,Male,144.248.64.55
934,Karlyn,Doumer,kdoumerpx@howstuffworks.com,Female,118.254.234.197
935,Collete,Teager,cteagerpy@github.com,Bigender,37.12.152.110
936,Orbadiah,Rodenburg,orodenburgpz@woothemes.com,Genderqueer,59.4.212.143
937,Brigham,MacDermot,bmacdermotq0@mozilla.org,Male,143.68.101.58
938,Meier,Lambertson,mlambertsonq1@psu.edu,Male,59.30.114.29
939,Andie,Abazi,aabaziq2@cnbc.com,Male,95.172.237.61
940,Jacynth,Mathes,jmathesq3@webs.com,Non-binary,75.36.221.23
941,Lanette,Melrose,lmelroseq4@deliciousdays.com,Female,75.14.41.159
942,Malvina,William,mwilliamq5@hostgator.com,Female,84.147.107.205
943,Alejandra,Kave,akaveq6@google.pl,Female,75.125.228.222
944,Laney,Bacup,lbacupq7@chronoengine.com,Polygender,56.155.117.132
945,Jase,Scotchmoor,jscotchmoorq8@wisc.edu,Male,86.165.16.114
946,Ted,Blazdell,tblazdellq9@nydailynews.com,Genderqueer,32.43.60.224
947,Ogden,Cumpsty,ocumpstyqa@nyu.edu,Male,130.35.213.204
948,Anastasia,Van der Hoeven,avanderhoevenqb@linkedin.com,Agender,217.209.175.187
949,Wilie,Gwalter,wgwalterqc@php.net,Female,141.10.46.12
950,Ozzy,Waple,owapleqd@archive.org,Male,139.176.183.22
951,Shelton,Congreave,scongreaveqe@macromedia.com,Male,52.155.125.27
952,Charline,Kamena,ckamenaqf@nature.com,Female,41.247.180.7
953,Cherin,Koles,ckolesqg@miitbeian.gov.cn,Female,210.84.254.52
954,Gavin,Goudy,ggoudyqh@people.com.cn,Male,199.69.200.1
955,Liane,Di Iorio,ldiiorioqi@blogtalkradio.com,Bigender,147.247.188.22
956,Domeniga,Sharkey,dsharkeyqj@intel.com,Female,241.19.51.183
957,Fern,Potbury,fpotburyqk@gov.uk,Female,91.70.126.60
958,Yoshi,Bertolaccini,ybertolacciniql@goodreads.com,Female,117.219.9.238
959,Lona,Edmenson,ledmensonqm@t.co,Female,11.83.99.193
960,Grover,Brenston,gbrenstonqn@cdc.gov,Male,23.171.188.16
961,Christyna,Dienes,cdienesqo@altervista.org,Female,35.71.106.162
962,Bobinette,Bonavia,bbonaviaqp@tinyurl.com,Genderfluid,240.214.186.6
963,Brent,Weinham,bweinhamqq@nytimes.com,Male,125.169.72.80
964,Aluino,Gamblin,agamblinqr@ibm.com,Male,157.27.228.171
965,Fern,Creenan,fcreenanqs@bigcartel.com,Female,109.247.166.71
966,Melessa,Durant,mdurantqt@oaic.gov.au,Female,197.176.102.27
967,Kerwinn,Shalloe,kshalloequ@cnet.com,Male,24.186.46.46
968,Janette,Maruska,jmaruskaqv@creativecommons.org,Polygender,234.60.221.153
969,Frasier,Ferrant,fferrantqw@amazon.de,Male,47.168.176.55
970,Moira,Starling,mstarlingqx@msn.com,Female,79.192.175.243
971,Michaella,Burnyate,mburnyateqy@elegantthemes.com,Female,169.185.2.125
972,Fredek,Konert,fkonertqz@upenn.edu,Male,53.236.129.182
973,Philly,Attenbarrow,pattenbarrowr0@sourceforge.net,Female,247.78.11.121
974,Kort,Michel,kmichelr1@joomla.org,Male,69.191.43.83
975,Mathilda,Gerler,mgerlerr2@mozilla.com,Female,36.216.239.238
976,Burgess,Cordelle,bcordeller3@jiathis.com,Male,234.71.185.145
977,Sharlene,Ebden,sebdenr4@eventbrite.com,Female,164.69.224.11
978,Isidoro,Matijasevic,imatijasevicr5@angelfire.com,Male,212.195.183.130
979,Agnes,Camacke,acamacker6@joomla.org,Female,86.36.252.215
980,Brose,Winslow,bwinslowr7@sogou.com,Male,4.237.39.163
981,Correna,Sapp,csappr8@lulu.com,Female,23.188.56.185
982,Gordie,Smallsman,gsmallsmanr9@bluehost.com,Male,52.240.129.145
983,Alejoa,Nayer,anayerra@theguardian.com,Male,29.245.154.198
984,Mayne,Ladon,mladonrb@latimes.com,Bigender,188.197.16.101
985,Nicolis,Brane,nbranerc@youtube.com,Male,225.70.241.138
986,Ebony,Biddleston,ebiddlestonrd@marketwatch.com,Female,161.204.105.183
987,Emmy,Terbrugge,eterbruggere@icq.com,Male,110.14.172.89
988,Chandler,Klement,cklementrf@cbc.ca,Male,109.150.239.63
989,Richie,Cruden,rcrudenrg@aboutads.info,Male,129.242.223.41
990,Sax,Ainge,saingerh@reference.com,Male,1.209.56.50
991,Zara,Illesley,zillesleyri@examiner.com,Female,156.88.214.149
992,Norene,Guppie,nguppierj@usgs.gov,Female,148.89.67.131
993,Briney,Tschierasche,btschierascherk@biblegateway.com,Female,177.122.15.67
994,Enrica,Tapton,etaptonrl@flavors.me,Female,193.73.109.186
995,Wayne,Bank,wbankrm@cdbaby.com,Male,147.5.129.32
996,Jule,Axelbee,jaxelbeern@ox.ac.uk,Male,140.56.128.115
997,Urson,McTerlagh,umcterlaghro@hostgator.com,Male,171.148.140.77
998,Sauveur,Esplin,sesplinrp@pen.io,Male,3.119.22.160
999,Farris,Chadbourne,fchadbournerq@chronoengine.com,Male,84.66.183.17
1000,Kerr,Lillyman,klillymanrr@alibaba.com,Male,28.206.44.90
